Workbook

Sheet วิธีใช้
A1: OCL Agent · Test script สำหรับทีม (POC นำเข้าข้อมูลเล่มหลักสูตรด้วย AI)
A2: เวอร์ชันระบบ: commit หลัง workflow คู่มือหลักสูตร (22 ต.ค. 2569) · server http://100.104.172.122:8100/import (ต้องอยู่ใน Tailscale) · dev บน Mac http://localhost:3000/import
A4: ก่อนเริ่ม
A5: 1. เครื่องทดสอบต่อ Tailscale และเปิด http://100.104.172.122:8100/health ได้ ต้องเห็น "status":"ok" "database":"postgres" "auth":"enabled" · ขอบัญชีทดสอบ (บัวศรีไอดี+รหัสผ่าน) 3 บทบาท admin / faculty / teacher จาก PM ก่อนเริ่ม
A6: 2. เล่มตัวอย่าง 5 เล่มอยู่ที่ samples/curriculum/ ใน repo ของ PM (ไม่อยู่ใน git) ขอสำเนาจาก PM · ชีต 'ค่าที่คาดหวัง' บอกตัวเลขที่ระบบควรสกัดได้ของแต่ละเล่ม
A7: 3. งานที่ใช้ AI (ปุ่ม Local AI · Gemma) ใช้เวลา 1–2 นาทีต่อเล่ม และทำให้ HRIS ช้าลงชั่วคราว ห้ามรันช่วง 02:30–04:00 และอย่ารันพร้อมกันหลายคน (ระบบรันทีละงานอยู่แล้ว งานที่เหลือต่อคิว)
A8: 4. ถ้าแค่ทดสอบหน้าจอ ให้เลือก "อ่านด้วยกฎเท่านั้น (ไม่ใช้ AI)" จะเสร็จใน 1–3 วินาที
A10: วิธีบันทึกผล
A11: • ชีต 'Test cases': กรอกเฉพาะช่องสีเหลือง = ผลจริง · สถานะ (เลือก ผ่าน / ไม่ผ่าน / ข้าม / บล็อก) · ผู้ทดสอบ · วันที่ · หมายเหตุ/Issue ID · ห้ามแก้คอลัมน์อื่น
A12: • ไม่ผ่าน = ผลต่างจาก 'ผลที่คาดหวัง' · บล็อก = ทดสอบไม่ได้เพราะ case ก่อนหน้าไม่ผ่าน · ข้าม = ไม่อยู่ในรอบนี้ (ใส่เหตุผล)
A13: • ทุก case ที่ไม่ผ่าน ให้เปิดแถวใน 'Issue log' (1 issue ต่อ 1 อาการ) ใส่ขั้นตอนทำซ้ำ + screenshot (แนบในแชตทีม อ้างชื่อไฟล์) แล้วใส่ Issue ID กลับมาในคอลัมน์หมายเหตุ
A14: • ชีต 'สรุปผล' คำนวณเองจากคอลัมน์สถานะ ไม่ต้องกรอก
... A20: ช่องสีเหลือง = ให้กรอก · แถวสีเทา = ตัวอย่างการกรอก (ลบได้) · หัวตารางสีแดง = ห้ามแก้

Sheet Test cases
A1: ID | B1: หมวด | C1: หน้า/ส่วน | D1: Test case | E1: ขั้นตอน | F1: ข้อมูลทดสอบ | G1: ผลที่คาดหวัง | H1: ผลจริง | I1: สถานะ | J1: ผู้ทดสอบ | K1: วันที่ | L1: หมายเหตุ / Issue ID
A2: EX-0 | B2: ตัวอย่าง | C2: /health | D2: (ตัวอย่างการกรอก) | E2: เปิด URL | F2: - | G2: status ok | H2: เห็น status ok, database postgres | I2: ผ่าน | J2: สมชาย | K2: 22/10/2569 | L2: -
A3: A-1 | B3: A ระบบ | C3: /health | D3: API ตอบและใช้ Postgres | E3: เปิด http://100.104.172.122:8100/health ในเบราว์เซอร์ | F3: - | G3: JSON มี "status":"ok" "database":"postgres" "auth":"enabled" "inline_worker":false "ollama_model":"gemma4:26b"
A4: A-2 | B4: A ระบบ | C4: /import | D4: หน้าอัปโหลดเปิดได้และหน้าตาตาม design | E4: เปิด http://100.104.172.122:8100/import | F4: - | G4: หน้า 'นำเข้าข้อมูลเล่มหลักสูตร' แสดง 4 ขั้น, รายการ 10 ส่วนที่ AI จะสกัด (เลขแดงครบ 10 ไม่มีป้าย R1), ปุ่ม Local AI / Cloud AI (Gemini ปิด) / อ่านด้วยกฎ
A5: A-3 | B5: A ระบบ | C5: /import | D5: รายการงานเดิมแสดงจากฐานข้อมูล | E5: เลื่อนลงดูตาราง 'งานนำเข้าล่าสุด' | F5: - | G5: เห็นงานที่เคยอัปโหลด (อย่างน้อยงานของ PM 22 ต.ค.) พร้อมสถานะ เวลา และเปิดดูได้
A6: B-1 | B6: B อัปโหลด | C6: /import | D6: ปฏิเสธไฟล์ที่ไม่ใช่ docx/pdf | E6: เลือกไฟล์ .txt หรือ .xlsx แล้วกดเริ่มอ่าน | F6: ไฟล์ .txt ใด ๆ | G6: ข้อความ 'รองรับเฉพาะ .docx และ .pdf' ไม่สร้างงาน
A7: B-2 | B7: B อัปโหลด | C7: /import | D7: ปฏิเสธไฟล์ว่าง | E7: สร้างไฟล์ว่างชื่อ x.docx (0 byte) แล้วอัปโหลด | F7: ไฟล์ 0 byte | G7: ข้อความ 'ไฟล์ว่าง'
A8: B-3 | B8: B อัปโหลด | C8: /import | D8: ปฏิเสธไฟล์เกิน 50 MB | E8: อัปโหลด .pdf ขนาด > 50 MB | F8: pdf > 50 MB (สร้างจากการรวมไฟล์) | G8: ข้อความ 'ไฟล์ใหญ่เกิน 50 MB'
A9: B-4 | B9: B อัปโหลด | C9: /import | D9: อัปโหลด docx แบบอ่านด้วยกฎ | E9: เลือก 'อ่านด้วยกฎเท่านั้น' → เลือกเล่ม ศศ.ม. → เริ่มอ่าน | F9: ศศ.ม. เศรษฐศาสตร์ธุรกิจฯ (ปป.69).docx | G9: ไปหน้า /import/<id> ขั้นที่ 2 'AI กำลังอ่าน' แล้วเปลี่ยนเป็นหน้าตรวจเองภายใน 10 วินาที (ไม่ต้องกดรีเฟรช)
A10: B-5 | B10: B อัปโหลด | C10: /import | D10: อัปโหลด PDF แบบอ่านด้วยกฎ | E10: เหมือน B-4 แต่ใช้เล่ม PDF | F10: 4.1.4 วท.บ. วิทยาศาสตร์การอาหารฯ.pdf (186 หน้า) | G10: ถึงหน้าตรวจภายใน 90 วินาที (PDF ช้ากว่า docx) ไม่มีสถานะ 'ล้มเหลว'
A11: B-6 | B11: B อัปโหลด | C11: /import | D11: อัปโหลด 2 งานติดกันแล้วต่อคิว | E11: อัปโหลดเล่ม ศศ.ม. แล้วอัปโหลดเล่ม ปร.ด. ทันทีจากอีกแท็บ | F11: 2 เล่ม | G11: งานที่ 2 ขึ้น 'รอคิว' จนงานแรกเสร็จ แล้วจึงเริ่ม (ระบบรันทีละงาน) ทั้งสองถึงหน้าตรวจ
A12: C-1 | B12: C สกัด | C12: หน้าตรวจ | D12: ตัวเลขที่สกัดได้ตรงกับชีต 'ค่าที่คาดหวัง' | E12: หลังงาน B-4 ถึงหน้าตรวจ เปิดแต่ละส่วนทั้ง 10 แล้วนับรายการ (จำนวนขึ้นที่หัวตารางของแต่ละส่วน) | F12: ศศ.ม. | G12: ตรงกับชีต 'ค่าที่คาดหวัง' แถว ศศ.ม. ทุกส่วน (±0)
A13: C-2 | B13: C สกัด | C13: หน้าตรวจ | D13: เล่มอื่น ๆ ตรงกับค่าที่คาดหวัง | E13: ทำซ้ำ C-1 กับอีก 4 เล่ม (อ่านด้วยกฎ) | F13: ภูมิอากาศ / ปร.ด. / ศศ.บ. / อาหาร PDF | G13: ตรงชีต 'ค่าที่คาดหวัง' · ถ้าต่าง ให้บันทึกส่วนและตัวเลขที่ได้
A14: C-3 | B14: C สกัด | C14: หน้าตรวจ › AI ตรวจความสอดคล้อง | D14: ผลตรวจตรงกับที่คาดหวังของเล่ม | E14: เปิดแท็บ 'AI ตรวจความสอดคล้อง' | F14: ศศ.ม. | G14: ไม่มี 'พบปัญหา' · 'ควรตรวจ' ตรงตามชีต 'ค่าที่คาดหวัง' คอลัมน์ 'checks ที่คาด'
... A64: K-10 | B64: K workflow | C64: /curricula/<n> | D64: เวลาในประวัติเป็นเวลาไทย | E64: ดูคอลัมน์ 'วันเวลา' ของประวัติการดำเนินการหลังทำขั้นใดขั้นหนึ่ง | F64: - | G64: ตรงกับนาฬิกาเครื่อง (เขตเวลา Asia/Bangkok) ไม่ช้า 7 ชั่วโมง

Sheet ค่าที่คาดหวัง
A1: เล่ม | B1: ไฟล์ | C1: หน้า | D1: 1 ข้อมูลหลัก (ฟิลด์) | E1: 2 อาจารย์ (คน / ผู้รับผิดชอบ) | F1: 3 แผนรับ (ตาราง / รับปีละ) | G1: 4 PLO | H1: 5 KSEC (รายการ) | I1: 6 โครงสร้าง (แถว) | J1: 7 ชุดวิชา | K1: 8 รายวิชา | L1: 9 Mapping 4.1 แถว / 4.2 แถว | M1: 10 มติ (อ่านได้ / เล่มเว้นว่าง) | N1: เวลาอ่านด้วยกฎ (server) | O1: เวลา AI (server) | P1: checks ที่คาด (ควรตรวจ)
A2: วท.บ. วิทยาการการเปลี่ยนแปลงสภาพภูมิอากาศ (เล่ม golden) | B2: วท.บ. วิทยาการการเปลี่ยนแปลงสภาพภูมิอากาศ.docx | C2: 78 | D2: 30 | E2: 12 / 5 | F2: 1 / 50 | G2: 5 | H2: 53 | I2: 5 | J2: 16 | K2: 57 | L2: 57 / 57 | M2: 3 / 0 | N2: ≈ 1 s | O2: 57 s (3 คำขอ) | P2: รหัส สกอ. เป็น xxxx (warn) · mapping_ksec_unknown 3 รหัส · mapping_42_vs_41 1 วิชา · อว. รับทราบยังไม่มี · รูปแบบการสอนอนุมาน (info)
A3: วท.บ. วิทยาศาสตร์การอาหารและโภชนาการ (PDF) | B3: 4.1.4 วท.บ.วิทยาศาสตร์การอาหารและโภชนาการ ปรั.pdf | C3: 186 | D3: 33 | E3: 6 / 5 | F3: 1 / 70 | G3: 4 | H3: 65 | I3: 7 | J3: 21 | K3: 78 | L3: 71 / 78 | M3: 1 / 3 | N3: ≈ 50 s (PDF) | O3: ≈ 1–2 นาที | P3: 4.1 มี 71 แถว ขาด 7 วิชาเทียบรายวิชา (warn) · mapping_ksec_unknown 19 · mapping_42_vs_41 15 · มติเว้นว่าง 3 ระดับ · วอภ281/481 อยู่ 2 ชุดวิชา
A4: ปร.ด. เศรษฐศาสตร์เพื่อการพัฒนาอย่างยั่งยืน | B4: ปร.ด. เศรษฐศาสตร์เพื่อการพัฒนาอย่างยั่งยื.docx | C4: 75 | D4: 34 | E4: 15 / 3 | F4: 2 / 10 (แผน 1+2) | G4: 3 | H4: 25 | I4: 6 | J4: 10 | K4: 24 | L4: 21 / 22 | M4: 3 / 0 | N4: ≈ 1 s | O4: ≈ 30 s | P4: รายวิชาความมั่นใจต่ำ 3 (ศฐน722/723 สลับระหว่างข้อ 2 กับ 3) · ศฐน723 อยู่ใน 4.2 แต่ไม่อยู่ 4.1 · mapping_42_vs_41 10 วิชา
A5: ศศ.บ. การจัดการภูมิสังคมและวัฒนธรรม (ปป.69) | B5: ศศ.บ. การจัดการภูมิสังคมและวัฒนธรรม (ปป.69).docx | C5: 221 | D5: 33 | E5: 6 / 6 (2 วิชาเอก) | F5: 2 / 100 (ต่อวิชาเอก) | G5: 6 | H5: 124 | I5: 11 | J5: 23 | K5: 90 | L5: 90 / 87 | M5: 3 / 0 | N5: ≈ 2 s | O5: ≈ 1.5 นาที | P5: PLO6 ของหมวด 3 ไม่มีคอลัมน์ใน Mapping 4.1 (warn) · กจส331–333 ไม่อยู่ใน 4.2 · ชุดวิชาไม่มีคำอธิบาย 2 ชุด · รายวิชาความมั่นใจต่ำ 6
A6: ศศ.ม. เศรษฐศาสตร์ธุรกิจและการจัดการ (ปป.69) | B6: ศศ.ม. เศรษฐศาสตร์ธุรกิจและการจัดการ (ปป.69).docx | C6: 56 | D6: 33 | E6: 15 / 3 | F6: 2 / 10 (แผน 1/2 คอลัมน์ย่อย) | G6: 3 (×2 แผน ใน KSEC) | H6: 38 | I6: 7 | J6: 2 | K6: 17 | L6: 16 / 16 | M6: 2 / 1 (สภามหาวิทยาลัย) | N6: ≈ 0.3 s | O6: ≈ 20 s | P6: มติสภามหาวิทยาลัยเว้นว่าง · mapping_ksec_unknown 2 (S1-2, S2-3) · วิทยานิพนธ์ไม่อยู่ใน Mapping (17 vs 16)
A8: ที่มา: ผล `ocl extract --no-llm` และงานบน server 21–22 ต.ค. 2569 (commit b0ab91a) · ตัวเลขเวลาเป็นค่าที่ PM วัดได้ ใช้เป็นแนว ไม่ใช่เกณฑ์ตก · ถ้าตัวเลขต่างเพราะเล่มเวอร์ชันใหม่ ให้บันทึกในหมายเหตุ ไม่ถือว่าไม่ผ่าน

Sheet Issue log
A1: Issue ID | B1: Test ID | C1: ความรุนแรง | D1: อาการ | E1: ขั้นตอนทำซ้ำ | F1: เล่ม/งาน (job id) | G1: ที่คาด vs ที่ได้ | H1: screenshot (ชื่อไฟล์) | I1: ผู้รายงาน | J1: วันที่ | K1: สถานะ | L1: ผู้แก้ / หมายเหตุ
A2: ISS-0 | B2: D-7 | C2: ปานกลาง | D2: (ตัวอย่าง) หลังแก้หน่วยกิตแล้ว checks ไม่เปลี่ยน | E2: 1. เปิดงาน ศศ.ม. 2. ส่วนโครงสร้าง แก้ 36→40 3. บันทึกร่าง 4. แท็บ checks | F2: ศศ.ม. / ec225c6350ea | G2: คาด: พบปัญหา 2 ข้อ · ได้: ผ่านเหมือนเดิม | H2: iss0-checks.png | I2: สมชาย | J2: 22/10/2569 | K2: เปิด | L2: -

Sheet สรุปผล
A1: สรุปผลการทดสอบ (คำนวณจากชีต Test cases คอลัมน์ I ไม่ต้องกรอก)
A3: หมวด | B3: ทั้งหมด | C3: ผ่าน | D3: ไม่ผ่าน | E3: ข้าม | F3: บล็อก | G3: ยังไม่ทดสอบ | H3: % ผ่าน (ของที่ทดสอบแล้ว)
A4: A ระบบ | B4: =COUNTIF('Test cases'!$B$3:$B$64,A4) -> 3 | C4: =COUNTIFS('Test cases'!$B$3:$B$64,A4,'Test cases'!$I$3:$I$64,"ผ่าน") -> 0 | D4: =COUNTIFS('Test cases'!$B$3:$B$64,A4,'Test cases'!$I$3:$I$64,"ไม่ผ่าน") -> 0 | E4: =COUNTIFS('Test cases'!$B$3:$B$64,A4,'Test cases'!$I$3:$I$64,"ข้าม") -> 0 | F4: =COUNTIFS('Test cases'!$B$3:$B$64,A4,'Test cases'!$I$3:$I$64,"บล็อก") -> 0 | G4: =B4-C4-D4-E4-F4 -> 3 | H4: =IF(C4+D4=0,"-",C4/(C4+D4)) -> -
A5: B อัปโหลด | B5: =COUNTIF('Test cases'!$B$3:$B$64,A5) -> 6 | C5: =COUNTIFS('Test cases'!$B$3:$B$64,A5,'Test cases'!$I$3:$I$64,"ผ่าน") -> 0 | D5: =COUNTIFS('Test cases'!$B$3:$B$64,A5,'Test cases'!$I$3:$I$64,"ไม่ผ่าน") -> 0 | E5: =COUNTIFS('Test cases'!$B$3:$B$64,A5,'Test cases'!$I$3:$I$64,"ข้าม") -> 0 | F5: =COUNTIFS('Test cases'!$B$3:$B$64,A5,'Test cases'!$I$3:$I$64,"บล็อก") -> 0 | G5: =B5-C5-D5-E5-F5 -> 6 | H5: =IF(C5+D5=0,"-",C5/(C5+D5)) -> -
A6: C สกัด | B6: =COUNTIF('Test cases'!$B$3:$B$64,A6) -> 3 | C6: =COUNTIFS('Test cases'!$B$3:$B$64,A6,'Test cases'!$I$3:$I$64,"ผ่าน") -> 0 | D6: =COUNTIFS('Test cases'!$B$3:$B$64,A6,'Test cases'!$I$3:$I$64,"ไม่ผ่าน") -> 0 | E6: =COUNTIFS('Test cases'!$B$3:$B$64,A6,'Test cases'!$I$3:$I$64,"ข้าม") -> 0 | F6: =COUNTIFS('Test cases'!$B$3:$B$64,A6,'Test cases'!$I$3:$I$64,"บล็อก") -> 0 | G6: =B6-C6-D6-E6-F6 -> 3 | H6: =IF(C6+D6=0,"-",C6/(C6+D6)) -> -
A7: D หน้าตรวจ | B7: =COUNTIF('Test cases'!$B$3:$B$64,A7) -> 15 | C7: =COUNTIFS('Test cases'!$B$3:$B$64,A7,'Test cases'!$I$3:$I$64,"ผ่าน") -> 0 | D7: =COUNTIFS('Test cases'!$B$3:$B$64,A7,'Test cases'!$I$3:$I$64,"ไม่ผ่าน") -> 0 | E7: =COUNTIFS('Test cases'!$B$3:$B$64,A7,'Test cases'!$I$3:$I$64,"ข้าม") -> 0 | F7: =COUNTIFS('Test cases'!$B$3:$B$64,A7,'Test cases'!$I$3:$I$64,"บล็อก") -> 0 | G7: =B7-C7-D7-E7-F7 -> 15 | H7: =IF(C7+D7=0,"-",C7/(C7+D7)) -> -
A8: E ปิดงาน | B8: =COUNTIF('Test cases'!$B$3:$B$64,A8) -> 4 | C8: =COUNTIFS('Test cases'!$B$3:$B$64,A8,'Test cases'!$I$3:$I$64,"ผ่าน") -> 0 | D8: =COUNTIFS('Test cases'!$B$3:$B$64,A8,'Test cases'!$I$3:$I$64,"ไม่ผ่าน") -> 0 | E8: =COUNTIFS('Test cases'!$B$3:$B$64,A8,'Test cases'!$I$3:$I$64,"ข้าม") -> 0 | F8: =COUNTIFS('Test cases'!$B$3:$B$64,A8,'Test cases'!$I$3:$I$64,"บล็อก") -> 0 | G8: =B8-C8-D8-E8-F8 -> 4 | H8: =IF(C8+D8=0,"-",C8/(C8+D8)) -> -
A9: F AI | B9: =COUNTIF('Test cases'!$B$3:$B$64,A9) -> 3 | C9: =COUNTIFS('Test cases'!$B$3:$B$64,A9,'Test cases'!$I$3:$I$64,"ผ่าน") -> 0 | D9: =COUNTIFS('Test cases'!$B$3:$B$64,A9,'Test cases'!$I$3:$I$64,"ไม่ผ่าน") -> 0 | E9: =COUNTIFS('Test cases'!$B$3:$B$64,A9,'Test cases'!$I$3:$I$64,"ข้าม") -> 0 | F9: =COUNTIFS('Test cases'!$B$3:$B$64,A9,'Test cases'!$I$3:$I$64,"บล็อก") -> 0 | G9: =B9-C9-D9-E9-F9 -> 3 | H9: =IF(C9+D9=0,"-",C9/(C9+D9)) -> -
A10: G server | B10: =COUNTIF('Test cases'!$B$3:$B$64,A10) -> 6 | C10: =COUNTIFS('Test cases'!$B$3:$B$64,A10,'Test cases'!$I$3:$I$64,"ผ่าน") -> 0 | D10: =COUNTIFS('Test cases'!$B$3:$B$64,A10,'Test cases'!$I$3:$I$64,"ไม่ผ่าน") -> 0 | E10: =COUNTIFS('Test cases'!$B$3:$B$64,A10,'Test cases'!$I$3:$I$64,"ข้าม") -> 0 | F10: =COUNTIFS('Test cases'!$B$3:$B$64,A10,'Test cases'!$I$3:$I$64,"บล็อก") -> 0 | G10: =B10-C10-D10-E10-F10 -> 6 | H10: =IF(C10+D10=0,"-",C10/(C10+D10)) -> -
A11: H golden | B11: =COUNTIF('Test cases'!$B$3:$B$64,A11) -> 1 | C11: =COUNTIFS('Test cases'!$B$3:$B$64,A11,'Test cases'!$I$3:$I$64,"ผ่าน") -> 0 | D11: =COUNTIFS('Test cases'!$B$3:$B$64,A11,'Test cases'!$I$3:$I$64,"ไม่ผ่าน") -> 0 | E11: =COUNTIFS('Test cases'!$B$3:$B$64,A11,'Test cases'!$I$3:$I$64,"ข้าม") -> 0 | F11: =COUNTIFS('Test cases'!$B$3:$B$64,A11,'Test cases'!$I$3:$I$64,"บล็อก") -> 0 | G11: =B11-C11-D11-E11-F11 -> 1 | H11: =IF(C11+D11=0,"-",C11/(C11+D11)) -> -
A12: I API | B12: =COUNTIF('Test cases'!$B$3:$B$64,A12) -> 3 | C12: =COUNTIFS('Test cases'!$B$3:$B$64,A12,'Test cases'!$I$3:$I$64,"ผ่าน") -> 0 | D12: =COUNTIFS('Test cases'!$B$3:$B$64,A12,'Test cases'!$I$3:$I$64,"ไม่ผ่าน") -> 0 | E12: =COUNTIFS('Test cases'!$B$3:$B$64,A12,'Test cases'!$I$3:$I$64,"ข้าม") -> 0 | F12: =COUNTIFS('Test cases'!$B$3:$B$64,A12,'Test cases'!$I$3:$I$64,"บล็อก") -> 0 | G12: =B12-C12-D12-E12-F12 -> 3 | H12: =IF(C12+D12=0,"-",C12/(C12+D12)) -> -
A13: J auth | B13: =COUNTIF('Test cases'!$B$3:$B$64,A13) -> 8 | C13: =COUNTIFS('Test cases'!$B$3:$B$64,A13,'Test cases'!$I$3:$I$64,"ผ่าน") -> 0 | D13: =COUNTIFS('Test cases'!$B$3:$B$64,A13,'Test cases'!$I$3:$I$64,"ไม่ผ่าน") -> 0 | E13: =COUNTIFS('Test cases'!$B$3:$B$64,A13,'Test cases'!$I$3:$I$64,"ข้าม") -> 0 | F13: =COUNTIFS('Test cases'!$B$3:$B$64,A13,'Test cases'!$I$3:$I$64,"บล็อก") -> 0 | G13: =B13-C13-D13-E13-F13 -> 8 | H13: =IF(C13+D13=0,"-",C13/(C13+D13)) -> -
A14: K workflow | B14: =COUNTIF('Test cases'!$B$3:$B$64,A14) -> 10 | C14: =COUNTIFS('Test cases'!$B$3:$B$64,A14,'Test cases'!$I$3:$I$64,"ผ่าน") -> 0 | D14: =COUNTIFS('Test cases'!$B$3:$B$64,A14,'Test cases'!$I$3:$I$64,"ไม่ผ่าน") -> 0 | E14: =COUNTIFS('Test cases'!$B$3:$B$64,A14,'Test cases'!$I$3:$I$64,"ข้าม") -> 0 | F14: =COUNTIFS('Test cases'!$B$3:$B$64,A14,'Test cases'!$I$3:$I$64,"บล็อก") -> 0 | G14: =B14-C14-D14-E14-F14 -> 10 | H14: =IF(C14+D14=0,"-",C14/(C14+D14)) -> -
A15: รวม | B15: =SUM(B4:B14) -> 62 | C15: =SUM(C4:C14) -> 0 | D15: =SUM(D4:D14) -> 0 | E15: =SUM(E4:E14) -> 0 | F15: =SUM(F4:F14) -> 0 | G15: =SUM(G4:G14) -> 62 | H15: =IF(C15+D15=0,"-",C15/(C15+D15)) -> -
A17: Issue เปิดอยู่ | B17: =COUNTIF('Issue log'!$K$3:$K$42,"เปิด")+COUNTIF('Issue log'!$K$3:$K$42,"กำลังแก้") -> 0
A18: Issue ความรุนแรงสูงที่ยังไม่ปิด | B18: =COUNTIFS('Issue log'!$C$3:$C$42,"สูง",'Issue log'!$K$3:$K$42,"<>ปิด",'Issue log'!$K$3:$K$42,"<>แก้แล้ว",'Issue log'!$K$3:$K$42,"<>") -> 0
A20: เกณฑ์ปิดรอบทดสอบ POC: ไม่มี 'ไม่ผ่าน' ในหมวด A–E และ G · Issue ความรุนแรงสูง = 0 · H golden ตาราง ≥ 95%
